"Step","Group: OLMo-1B - eval/v3-small-wikitext_103-validation/CrossEntropyLoss","Group: OLMo-1B - eval/v3-small-wikitext_103-validation/CrossEntropyLoss__MIN","Group: OLMo-1B - eval/v3-small-wikitext_103-validation/CrossEntropyLoss__MAX"
"1000","4.915936470031738","4.915936470031738","4.915936470031738"
"2000","4.050750255584717","4.050750255584717","4.050750255584717"
"3000","3.713913679122925","3.713913679122925","3.713913679122925"
"4000","3.536724328994751","3.536724328994751","3.536724328994751"
"5000","3.4309401512145996","3.4309401512145996","3.4309401512145996"
"6000","3.350517511367798","3.350517511367798","3.350517511367798"
"7000","3.287074089050293","3.287074089050293","3.287074089050293"
"8000","3.2436883449554443","3.2436883449554443","3.2436883449554443"
"9000","3.2069997787475586","3.2069997787475586","3.2069997787475586"
"10000","3.170762062072754","3.170762062072754","3.170762062072754"
"11000","3.1505472660064697","3.1505472660064697","3.1505472660064697"
"12000","3.1215739250183105","3.1215739250183105","3.1215739250183105"
"13000","3.092067003250122","3.092067003250122","3.092067003250122"
"14000","3.066913366317749","3.066913366317749","3.066913366317749"
"15000","3.05131196975708","3.05131196975708","3.05131196975708"
"16000","3.03708815574646","3.03708815574646","3.03708815574646"
"17000","3.0199599266052246","3.0199599266052246","3.0199599266052246"
"18000","3.0072295665740967","3.0072295665740967","3.0072295665740967"
"19000","2.9890618324279785","2.9890618324279785","2.9890618324279785"
"20000","2.9817116260528564","2.9817116260528564","2.9817116260528564"
"21000","2.9610846042633057","2.9610846042633057","2.9610846042633057"
"22000","2.953178882598877","2.953178882598877","2.953178882598877"
"23000","2.9431569576263428","2.9431569576263428","2.9431569576263428"
"24000","2.92830753326416","2.92830753326416","2.92830753326416"
"25000","2.9223692417144775","2.9223692417144775","2.9223692417144775"
"26000","2.9131686687469482","2.9131686687469482","2.9131686687469482"
"27000","2.9045419692993164","2.9045419692993164","2.9045419692993164"
"28000","2.89819598197937","2.89819598197937","2.89819598197937"
"29000","2.8975045680999756","2.8975045680999756","2.8975045680999756"
"30000","2.881527900695801","2.881527900695801","2.881527900695801"
"31000","2.874941110610962","2.874941110610962","2.874941110610962"
"32000","2.8656060695648193","2.8656060695648193","2.8656060695648193"
"33000","2.8602254390716553","2.8602254390716553","2.8602254390716553"
"34000","2.8560917377471924","2.8560917377471924","2.8560917377471924"
"35000","2.858802080154419","2.858802080154419","2.858802080154419"
"36000","2.844306230545044","2.844306230545044","2.844306230545044"
"37000","2.841275930404663","2.841275930404663","2.841275930404663"
"38000","2.8339121341705322","2.8339121341705322","2.8339121341705322"
"39000","2.830291748046875","2.830291748046875","2.830291748046875"
"40000","2.837451696395874","2.837451696395874","2.837451696395874"
"41000","2.8235437870025635","2.8235437870025635","2.8235437870025635"
"42000","2.819734811782837","2.819734811782837","2.819734811782837"
"43000","2.816319227218628","2.816319227218628","2.816319227218628"
"44000","2.813417673110962","2.813417673110962","2.813417673110962"
"45000","2.79988956451416","2.79988956451416","2.79988956451416"
"46000","2.8068161010742188","2.8068161010742188","2.8068161010742188"
"47000","2.799672842025757","2.799672842025757","2.799672842025757"
"48000","2.794922113418579","2.794922113418579","2.794922113418579"
"49000","2.8000314235687256","2.8000314235687256","2.8000314235687256"
"50000","2.792872428894043","2.792872428894043","2.792872428894043"
"51000","2.785921812057495","2.785921812057495","2.785921812057495"
"52000","2.7782037258148193","2.7782037258148193","2.7782037258148193"
"53000","2.776144504547119","2.776144504547119","2.776144504547119"
"54000","2.779132127761841","2.779132127761841","2.779132127761841"
"55000","2.778015613555908","2.778015613555908","2.778015613555908"
"56000","2.767180919647217","2.767180919647217","2.767180919647217"
"57000","2.7737462520599365","2.7737462520599365","2.7737462520599365"
"58000","2.7701826095581055","2.7701826095581055","2.7701826095581055"
"59000","2.764310121536255","2.764310121536255","2.764310121536255"
"60000","2.76495099067688","2.76495099067688","2.76495099067688"
"61000","2.764037609100342","2.764037609100342","2.764037609100342"
"62000","2.7644004821777344","2.7644004821777344","2.7644004821777344"
"63000","2.753981351852417","2.753981351852417","2.753981351852417"
"64000","2.753577709197998","2.753577709197998","2.753577709197998"
"65000","2.744586706161499","2.744586706161499","2.744586706161499"
"66000","2.7475106716156006","2.7475106716156006","2.7475106716156006"
"67000","2.742861270904541","2.742861270904541","2.742861270904541"
"68000","2.7396256923675537","2.7396256923675537","2.7396256923675537"
"69000","2.7369699478149414","2.7369699478149414","2.7369699478149414"
"70000","2.7303497791290283","2.7303497791290283","2.7303497791290283"
"71000","2.738715648651123","2.738715648651123","2.738715648651123"
"72000","2.7429709434509277","2.7429709434509277","2.7429709434509277"
"73000","2.7326362133026123","2.7326362133026123","2.7326362133026123"
"74000","2.7343103885650635","2.7343103885650635","2.7343103885650635"
"75000","2.7384257316589355","2.7384257316589355","2.7384257316589355"
"76000","2.7259888648986816","2.7259888648986816","2.7259888648986816"
"77000","2.7309458255767822","2.7309458255767822","2.7309458255767822"
"78000","2.726044178009033","2.726044178009033","2.726044178009033"
"79000","2.723782777786255","2.723782777786255","2.723782777786255"
"80000","2.7246994972229004","2.7246994972229004","2.7246994972229004"
"81000","2.7235217094421387","2.7235217094421387","2.7235217094421387"
"82000","2.7234582901000977","2.7234582901000977","2.7234582901000977"
"83000","2.7145371437072754","2.7145371437072754","2.7145371437072754"
"84000","2.7172811031341553","2.7172811031341553","2.7172811031341553"
"85000","2.720928430557251","2.720928430557251","2.720928430557251"
"86000","2.7209432125091553","2.7209432125091553","2.7209432125091553"
"87000","2.715543508529663","2.715543508529663","2.715543508529663"
"88000","2.7180721759796143","2.7180721759796143","2.7180721759796143"
"89000","2.713454484939575","2.713454484939575","2.713454484939575"
"90000","2.714447021484375","2.714447021484375","2.714447021484375"
"91000","2.7076315879821777","2.7076315879821777","2.7076315879821777"
"92000","2.70401930809021","2.70401930809021","2.70401930809021"
"93000","2.703197717666626","2.703197717666626","2.703197717666626"
"94000","2.705199718475342","2.705199718475342","2.705199718475342"
"95000","2.7054290771484375","2.7054290771484375","2.7054290771484375"
"96000","2.708056926727295","2.708056926727295","2.708056926727295"
"97000","2.699852466583252","2.699852466583252","2.699852466583252"
"98000","2.702545166015625","2.702545166015625","2.702545166015625"
"99000","2.6955485343933105","2.6955485343933105","2.6955485343933105"
"100000","2.701056718826294","2.701056718826294","2.701056718826294"
"101000","2.699739694595337","2.699739694595337","2.699739694595337"
"102000","2.6998097896575928","2.6998097896575928","2.6998097896575928"
"103000","2.7002742290496826","2.7002742290496826","2.7002742290496826"
"104000","2.6960251331329346","2.6960251331329346","2.6960251331329346"
"105000","2.6952402591705322","2.6952402591705322","2.6952402591705322"
"106000","2.6928231716156006","2.6928231716156006","2.6928231716156006"
"107000","2.694340944290161","2.694340944290161","2.694340944290161"
"108000","2.6911094188690186","2.6911094188690186","2.6911094188690186"
"109000","2.691415309906006","2.691415309906006","2.691415309906006"
"110000","2.6865365505218506","2.6865365505218506","2.6865365505218506"
"111000","2.6877799034118652","2.6877799034118652","2.6877799034118652"
"112000","2.684924840927124","2.684924840927124","2.684924840927124"
"113000","2.6875076293945312","2.6875076293945312","2.6875076293945312"
"114000","2.691584825515747","2.691584825515747","2.691584825515747"
"115000","2.6929800510406494","2.6929800510406494","2.6929800510406494"
"116000","2.6945669651031494","2.6945669651031494","2.6945669651031494"
"117000","2.6854071617126465","2.6854071617126465","2.6854071617126465"
"118000","2.683967113494873","2.683967113494873","2.683967113494873"
"119000","2.690181016921997","2.690181016921997","2.690181016921997"
"120000","2.6855130195617676","2.6855130195617676","2.6855130195617676"
"121000","2.6817972660064697","2.6817972660064697","2.6817972660064697"
"122000","2.6810832023620605","2.6810832023620605","2.6810832023620605"
"123000","2.6806740760803223","2.6806740760803223","2.6806740760803223"
"124000","2.682441234588623","2.682441234588623","2.682441234588623"
"125000","2.6766276359558105","2.6766276359558105","2.6766276359558105"
"126000","2.677419424057007","2.677419424057007","2.677419424057007"
"127000","2.6779582500457764","2.6779582500457764","2.6779582500457764"
"128000","2.678018093109131","2.678018093109131","2.678018093109131"
"129000","2.678082227706909","2.678082227706909","2.678082227706909"
"130000","2.6687777042388916","2.6687777042388916","2.6687777042388916"
"131000","2.678802728652954","2.678802728652954","2.678802728652954"
"132000","2.6728079319000244","2.6728079319000244","2.6728079319000244"
"133000","2.670910596847534","2.670910596847534","2.670910596847534"
"134000","2.6703298091888428","2.6703298091888428","2.6703298091888428"
"135000","2.67045259475708","2.67045259475708","2.67045259475708"
"136000","2.6720948219299316","2.6720948219299316","2.6720948219299316"
"137000","2.670574903488159","2.670574903488159","2.670574903488159"
"138000","2.668081760406494","2.668081760406494","2.668081760406494"
"139000","2.6693997383117676","2.6693997383117676","2.6693997383117676"
"140000","2.6659464836120605","2.6659464836120605","2.6659464836120605"
"141000","2.664203405380249","2.664203405380249","2.664203405380249"
"142000","2.6666386127471924","2.6666386127471924","2.6666386127471924"
"143000","2.6766326427459717","2.6766326427459717","2.6766326427459717"
"144000","2.6664421558380127","2.6664421558380127","2.6664421558380127"
"145000","2.6687729358673096","2.6687729358673096","2.6687729358673096"
"146000","2.6533071994781494","2.6533071994781494","2.6533071994781494"
"147000","2.66692852973938","2.66692852973938","2.66692852973938"
"148000","2.653613805770874","2.653613805770874","2.653613805770874"
"149000","2.6604812145233154","2.6604812145233154","2.6604812145233154"
"150000","2.661045789718628","2.661045789718628","2.661045789718628"
"151000","2.655200481414795","2.655200481414795","2.655200481414795"
"152000","2.654959201812744","2.654959201812744","2.654959201812744"
"153000","2.6612632274627686","2.6612632274627686","2.6612632274627686"
"154000","2.6596648693084717","2.6596648693084717","2.6596648693084717"
"155000","2.660413980484009","2.660413980484009","2.660413980484009"
"156000","2.6537628173828125","2.6537628173828125","2.6537628173828125"
"157000","2.6588897705078125","2.6588897705078125","2.6588897705078125"
"158000","2.6571462154388428","2.6571462154388428","2.6571462154388428"
"159000","2.6473629474639893","2.6473629474639893","2.6473629474639893"
"160000","2.6484291553497314","2.6484291553497314","2.6484291553497314"
"161000","2.657055616378784","2.657055616378784","2.657055616378784"
"162000","2.651249647140503","2.651249647140503","2.651249647140503"
"163000","2.64850115776062","2.64850115776062","2.64850115776062"
"164000","2.6447932720184326","2.6447932720184326","2.6447932720184326"
"165000","2.643994092941284","2.643994092941284","2.643994092941284"
"166000","2.646372079849243","2.646372079849243","2.646372079849243"
"167000","2.654576539993286","2.654576539993286","2.654576539993286"
"168000","2.649324893951416","2.649324893951416","2.649324893951416"
"169000","2.641414165496826","2.641414165496826","2.641414165496826"
"170000","2.6531174182891846","2.6531174182891846","2.6531174182891846"
"171000","2.6508474349975586","2.6508474349975586","2.6508474349975586"
"172000","2.6461098194122314","2.6461098194122314","2.6461098194122314"
"173000","2.643883466720581","2.643883466720581","2.643883466720581"
"174000","2.646468162536621","2.646468162536621","2.646468162536621"
"175000","2.6465203762054443","2.6465203762054443","2.6465203762054443"
"176000","2.640953540802002","2.640953540802002","2.640953540802002"
"177000","2.646623134613037","2.646623134613037","2.646623134613037"
"178000","2.6418039798736572","2.6418039798736572","2.6418039798736572"
"179000","2.639679431915283","2.639679431915283","2.639679431915283"
"180000","2.641603946685791","2.641603946685791","2.641603946685791"
"181000","2.646460771560669","2.646460771560669","2.646460771560669"
"182000","2.6506567001342773","2.6506567001342773","2.6506567001342773"
"183000","2.637465476989746","2.637465476989746","2.637465476989746"
"184000","2.6417040824890137","2.6417040824890137","2.6417040824890137"
"185000","2.637667655944824","2.637667655944824","2.637667655944824"
"186000","2.6353769302368164","2.6353769302368164","2.6353769302368164"
"187000","2.6316614151000977","2.6316614151000977","2.6316614151000977"
"188000","2.63857364654541","2.63857364654541","2.63857364654541"
"189000","2.64249849319458","2.64249849319458","2.64249849319458"
"190000","2.636758327484131","2.636758327484131","2.636758327484131"
"191000","2.6365041732788086","2.6365041732788086","2.6365041732788086"
"192000","2.638174533843994","2.638174533843994","2.638174533843994"
"193000","2.6410470008850098","2.6410470008850098","2.6410470008850098"
"194000","2.6348698139190674","2.6348698139190674","2.6348698139190674"
"195000","2.6366379261016846","2.6366379261016846","2.6366379261016846"
"196000","2.62927508354187","2.62927508354187","2.62927508354187"
"197000","2.634755849838257","2.634755849838257","2.634755849838257"
"198000","2.6339528560638428","2.6339528560638428","2.6339528560638428"
"199000","2.636061429977417","2.636061429977417","2.636061429977417"
"200000","2.6344728469848633","2.6344728469848633","2.6344728469848633"
"201000","2.637510061264038","2.637510061264038","2.637510061264038"
"202000","2.6526594161987305","2.6526594161987305","2.6526594161987305"
"203000","2.6352081298828125","2.6352081298828125","2.6352081298828125"
"204000","2.6399595737457275","2.6399595737457275","2.6399595737457275"
"205000","2.6330652236938477","2.6330652236938477","2.6330652236938477"
"206000","2.627329111099243","2.627329111099243","2.627329111099243"
"207000","2.629107713699341","2.629107713699341","2.629107713699341"
"208000","2.6395187377929688","2.6395187377929688","2.6395187377929688"
"209000","2.6343820095062256","2.6343820095062256","2.6343820095062256"
"210000","2.6327130794525146","2.6327130794525146","2.6327130794525146"
"211000","2.6287384033203125","2.6287384033203125","2.6287384033203125"
"212000","2.6361300945281982","2.6361300945281982","2.6361300945281982"
"213000","2.6295766830444336","2.6295766830444336","2.6295766830444336"
"214000","2.629047155380249","2.629047155380249","2.629047155380249"
"215000","2.633316993713379","2.633316993713379","2.633316993713379"
"216000","2.634960412979126","2.634960412979126","2.634960412979126"
"217000","2.641982078552246","2.641982078552246","2.641982078552246"
"218000","2.632237195968628","2.632237195968628","2.632237195968628"
"219000","2.6270670890808105","2.6270670890808105","2.6270670890808105"
"220000","2.6302123069763184","2.6302123069763184","2.6302123069763184"
"221000","2.6267287731170654","2.6267287731170654","2.6267287731170654"
"222000","2.6280152797698975","2.6280152797698975","2.6280152797698975"
"223000","2.628025770187378","2.628025770187378","2.628025770187378"
"224000","2.6233229637145996","2.6233229637145996","2.6233229637145996"
"225000","2.6206579208374023","2.6206579208374023","2.6206579208374023"
"226000","2.6285948753356934","2.6285948753356934","2.6285948753356934"
"227000","2.6250407695770264","2.6250407695770264","2.6250407695770264"
"228000","2.6264352798461914","2.6264352798461914","2.6264352798461914"
"229000","2.625368595123291","2.625368595123291","2.625368595123291"
"230000","2.6213347911834717","2.6213347911834717","2.6213347911834717"
"231000","2.6270477771759033","2.6270477771759033","2.6270477771759033"
"232000","2.621371030807495","2.621371030807495","2.621371030807495"
"233000","2.6212286949157715","2.6212286949157715","2.6212286949157715"
"234000","2.616755962371826","2.616755962371826","2.616755962371826"
"235000","2.623516082763672","2.623516082763672","2.623516082763672"
"236000","2.621605157852173","2.621605157852173","2.621605157852173"
"237000","2.6407060623168945","2.6407060623168945","2.6407060623168945"
"238000","2.620347738265991","2.620347738265991","2.620347738265991"
"239000","2.622913122177124","2.622913122177124","2.622913122177124"
"240000","2.6188735961914062","2.6188735961914062","2.6188735961914062"
"241000","2.6194281578063965","2.6194281578063965","2.6194281578063965"
"242000","2.6232285499572754","2.6232285499572754","2.6232285499572754"
"243000","2.620671033859253","2.620671033859253","2.620671033859253"
"244000","2.617709159851074","2.617709159851074","2.617709159851074"
"246000","2.616053819656372","2.616053819656372","2.616053819656372"
"247000","2.614694833755493","2.614694833755493","2.614694833755493"
"248000","2.619515895843506","2.619515895843506","2.619515895843506"
"249000","2.622894763946533","2.622894763946533","2.622894763946533"
"250000","2.6146628856658936","2.6146628856658936","2.6146628856658936"
"251000","2.6175625324249268","2.6175625324249268","2.6175625324249268"
"252000","2.614856481552124","2.614856481552124","2.614856481552124"
"253000","2.611607789993286","2.611607789993286","2.611607789993286"
"254000","2.6169345378875732","2.6169345378875732","2.6169345378875732"
"255000","2.625084400177002","2.625084400177002","2.625084400177002"
"256000","2.6251368522644043","2.6251368522644043","2.6251368522644043"
"257000","2.6221415996551514","2.6221415996551514","2.6221415996551514"
"258000","2.6238090991973877","2.6238090991973877","2.6238090991973877"
"259000","2.6142730712890625","2.6142730712890625","2.6142730712890625"
"260000","2.6240170001983643","2.6240170001983643","2.6240170001983643"
"261000","2.6164774894714355","2.6164774894714355","2.6164774894714355"
"262000","2.6141114234924316","2.6141114234924316","2.6141114234924316"
"263000","2.6174845695495605","2.6174845695495605","2.6174845695495605"
"264000","2.6106436252593994","2.6106436252593994","2.6106436252593994"
"265000","2.619382619857788","2.619382619857788","2.619382619857788"
"266000","2.616964101791382","2.616964101791382","2.616964101791382"
"267000","2.615003824234009","2.615003824234009","2.615003824234009"
"268000","2.606574535369873","2.606574535369873","2.606574535369873"
"269000","2.6175129413604736","2.6175129413604736","2.6175129413604736"
"270000","2.6155083179473877","2.6155083179473877","2.6155083179473877"
"271000","2.606053352355957","2.606053352355957","2.606053352355957"
"272000","2.6134233474731445","2.6134233474731445","2.6134233474731445"
"273000","2.6118857860565186","2.6118857860565186","2.6118857860565186"
"274000","2.611649513244629","2.611649513244629","2.611649513244629"
"275000","2.6178770065307617","2.6178770065307617","2.6178770065307617"
"276000","2.6068434715270996","2.6068434715270996","2.6068434715270996"
"277000","2.6048152446746826","2.6048152446746826","2.6048152446746826"
"278000","2.6119308471679688","2.6119308471679688","2.6119308471679688"
"279000","2.608320713043213","2.608320713043213","2.608320713043213"
"280000","2.6129517555236816","2.6129517555236816","2.6129517555236816"
"281000","2.6109259128570557","2.6109259128570557","2.6109259128570557"
"282000","2.6082065105438232","2.6082065105438232","2.6082065105438232"
"283000","2.608128070831299","2.608128070831299","2.608128070831299"
"284000","2.6083908081054688","2.6083908081054688","2.6083908081054688"
"285000","2.605492115020752","2.605492115020752","2.605492115020752"
"286000","2.606691598892212","2.606691598892212","2.606691598892212"
"287000","2.6137053966522217","2.6137053966522217","2.6137053966522217"
"288000","2.6070687770843506","2.6070687770843506","2.6070687770843506"
"289000","2.613927125930786","2.613927125930786","2.613927125930786"
"290000","2.6114141941070557","2.6114141941070557","2.6114141941070557"
"291000","2.602721929550171","2.602721929550171","2.602721929550171"
"292000","2.6058526039123535","2.6058526039123535","2.6058526039123535"
"293000","2.6064910888671875","2.6064910888671875","2.6064910888671875"
"294000","2.6049301624298096","2.6049301624298096","2.6049301624298096"
"295000","2.610760450363159","2.610760450363159","2.610760450363159"
"296000","2.614063024520874","2.614063024520874","2.614063024520874"
"297000","2.6144158840179443","2.6144158840179443","2.6144158840179443"
"298000","2.5995633602142334","2.5995633602142334","2.5995633602142334"
"299000","2.6027934551239014","2.6027934551239014","2.6027934551239014"
"300000","2.6170785427093506","2.6170785427093506","2.6170785427093506"
"301000","2.5981435775756836","2.5981435775756836","2.5981435775756836"
"302000","2.6055541038513184","2.6055541038513184","2.6055541038513184"
"303000","2.608306884765625","2.608306884765625","2.608306884765625"
"304000","2.6037251949310303","2.6037251949310303","2.6037251949310303"
"305000","2.6041839122772217","2.6041839122772217","2.6041839122772217"
"306000","2.604734182357788","2.604734182357788","2.604734182357788"
"307000","2.6043992042541504","2.6043992042541504","2.6043992042541504"
"308000","2.6013522148132324","2.6013522148132324","2.6013522148132324"
"309000","2.6004412174224854","2.6004412174224854","2.6004412174224854"
"310000","2.5993804931640625","2.5993804931640625","2.5993804931640625"
"311000","2.5965139865875244","2.5965139865875244","2.5965139865875244"
"312000","2.619549512863159","2.619549512863159","2.619549512863159"
"313000","2.6076109409332275","2.6076109409332275","2.6076109409332275"
"314000","2.6043319702148438","2.6043319702148438","2.6043319702148438"
"315000","2.6016039848327637","2.6016039848327637","2.6016039848327637"
"316000","2.606295347213745","2.606295347213745","2.606295347213745"
"317000","2.602820873260498","2.602820873260498","2.602820873260498"
"318000","2.601835012435913","2.601835012435913","2.601835012435913"
"319000","2.610658884048462","2.610658884048462","2.610658884048462"
"320000","2.598548650741577","2.598548650741577","2.598548650741577"
"321000","2.6067941188812256","2.6067941188812256","2.6067941188812256"
"322000","2.595900535583496","2.595900535583496","2.595900535583496"
"323000","2.6010849475860596","2.6010849475860596","2.6010849475860596"
"324000","2.6060400009155273","2.6060400009155273","2.6060400009155273"
"325000","2.598968744277954","2.598968744277954","2.598968744277954"
"326000","2.598397970199585","2.598397970199585","2.598397970199585"
"327000","2.596479892730713","2.596479892730713","2.596479892730713"
"328000","2.597271680831909","2.597271680831909","2.597271680831909"
"329000","2.592724084854126","2.592724084854126","2.592724084854126"
"330000","2.596148729324341","2.596148729324341","2.596148729324341"
"331000","2.597277879714966","2.597277879714966","2.597277879714966"
"332000","2.592414379119873","2.592414379119873","2.592414379119873"
"333000","2.594419240951538","2.594419240951538","2.594419240951538"
"334000","2.5952067375183105","2.5952067375183105","2.5952067375183105"
"335000","2.615015745162964","2.615015745162964","2.615015745162964"
"336000","2.5935730934143066","2.5935730934143066","2.5935730934143066"
"337000","2.5900518894195557","2.5900518894195557","2.5900518894195557"
"338000","2.5966713428497314","2.5966713428497314","2.5966713428497314"
"339000","2.59445858001709","2.59445858001709","2.59445858001709"
"340000","2.596221923828125","2.596221923828125","2.596221923828125"
"341000","2.59194278717041","2.59194278717041","2.59194278717041"
"342000","2.593193292617798","2.593193292617798","2.593193292617798"
"343000","2.5895514488220215","2.5895514488220215","2.5895514488220215"
"344000","2.5889623165130615","2.5889623165130615","2.5889623165130615"
"345000","2.589923620223999","2.589923620223999","2.589923620223999"
"346000","2.589404344558716","2.589404344558716","2.589404344558716"
"347000","2.59604549407959","2.59604549407959","2.59604549407959"
"348000","2.5909616947174072","2.5909616947174072","2.5909616947174072"
"349000","2.5887463092803955","2.5887463092803955","2.5887463092803955"
"350000","2.591325283050537","2.591325283050537","2.591325283050537"
"351000","2.5883727073669434","2.5883727073669434","2.5883727073669434"
"352000","2.5819692611694336","2.5819692611694336","2.5819692611694336"
"353000","2.5864105224609375","2.5864105224609375","2.5864105224609375"
"354000","2.59067440032959","2.59067440032959","2.59067440032959"
"355000","2.5899534225463867","2.5899534225463867","2.5899534225463867"
"356000","2.5902435779571533","2.5902435779571533","2.5902435779571533"
"357000","2.5983707904815674","2.5983707904815674","2.5983707904815674"
"358000","2.583998441696167","2.583998441696167","2.583998441696167"
"359000","2.589707136154175","2.589707136154175","2.589707136154175"
"360000","2.5873818397521973","2.5873818397521973","2.5873818397521973"
"361000","2.5984530448913574","2.5984530448913574","2.5984530448913574"
"362000","2.5912973880767822","2.5912973880767822","2.5912973880767822"
"363000","2.601113796234131","2.601113796234131","2.601113796234131"
"364000","2.586353063583374","2.586353063583374","2.586353063583374"
"365000","2.586076259613037","2.586076259613037","2.586076259613037"
"366000","2.5838866233825684","2.5838866233825684","2.5838866233825684"
"367000","2.5878233909606934","2.5878233909606934","2.5878233909606934"
"368000","2.578922748565674","2.578922748565674","2.578922748565674"
"369000","2.588641881942749","2.588641881942749","2.588641881942749"
"370000","2.587327480316162","2.587327480316162","2.587327480316162"
"371000","2.582744598388672","2.582744598388672","2.582744598388672"
"372000","2.587527275085449","2.587527275085449","2.587527275085449"
"373000","2.591789722442627","2.591789722442627","2.591789722442627"
"374000","2.5836706161499023","2.5836706161499023","2.5836706161499023"
"375000","2.5858988761901855","2.5858988761901855","2.5858988761901855"
"376000","2.587930202484131","2.587930202484131","2.587930202484131"
"377000","2.5843424797058105","2.5843424797058105","2.5843424797058105"
"378000","2.584622859954834","2.584622859954834","2.584622859954834"
"379000","2.5850942134857178","2.5850942134857178","2.5850942134857178"
"380000","2.5876855850219727","2.5876855850219727","2.5876855850219727"
"381000","2.5814144611358643","2.5814144611358643","2.5814144611358643"
"382000","2.584044933319092","2.584044933319092","2.584044933319092"
"383000","2.583540678024292","2.583540678024292","2.583540678024292"
"384000","2.583416700363159","2.583416700363159","2.583416700363159"
"385000","2.5851359367370605","2.5851359367370605","2.5851359367370605"
"386000","2.5838027000427246","2.5838027000427246","2.5838027000427246"
"387000","2.578425168991089","2.578425168991089","2.578425168991089"
"388000","2.578336477279663","2.578336477279663","2.578336477279663"
"389000","2.582566261291504","2.582566261291504","2.582566261291504"
"390000","2.5726592540740967","2.5726592540740967","2.5726592540740967"
"391000","2.578906297683716","2.578906297683716","2.578906297683716"
"392000","2.5806992053985596","2.5806992053985596","2.5806992053985596"
"393000","2.579453468322754","2.579453468322754","2.579453468322754"
"394000","2.577810525894165","2.577810525894165","2.577810525894165"
"395000","2.57262921333313","2.57262921333313","2.57262921333313"
"396000","2.5795094966888428","2.5795094966888428","2.5795094966888428"
"397000","2.5753331184387207","2.5753331184387207","2.5753331184387207"
"398000","2.5775444507598877","2.5775444507598877","2.5775444507598877"
"399000","2.582044839859009","2.582044839859009","2.582044839859009"
"400000","2.576075792312622","2.576075792312622","2.576075792312622"
"401000","2.579087734222412","2.579087734222412","2.579087734222412"
"402000","2.574653387069702","2.574653387069702","2.574653387069702"
"403000","2.576695680618286","2.576695680618286","2.576695680618286"
"404000","2.582444429397583","2.582444429397583","2.582444429397583"
"405000","2.5752272605895996","2.5752272605895996","2.5752272605895996"
"406000","2.5754501819610596","2.5754501819610596","2.5754501819610596"
"407000","2.5762598514556885","2.5762598514556885","2.5762598514556885"
"408000","2.5782792568206787","2.5782792568206787","2.5782792568206787"
"409000","2.580396890640259","2.580396890640259","2.580396890640259"
"410000","2.5808074474334717","2.5808074474334717","2.5808074474334717"
"411000","2.5971899032592773","2.5971899032592773","2.5971899032592773"
"412000","2.5698723793029785","2.5698723793029785","2.5698723793029785"
"413000","2.577113628387451","2.577113628387451","2.577113628387451"
"414000","2.5763044357299805","2.5763044357299805","2.5763044357299805"
"415000","2.570737600326538","2.570737600326538","2.570737600326538"
"416000","2.5752334594726562","2.5752334594726562","2.5752334594726562"
"417000","2.5741591453552246","2.5741591453552246","2.5741591453552246"
"418000","2.5757980346679688","2.5757980346679688","2.5757980346679688"
"419000","2.5702474117279053","2.5702474117279053","2.5702474117279053"
"420000","2.579118251800537","2.579118251800537","2.579118251800537"
"421000","2.574357748031616","2.574357748031616","2.574357748031616"
"422000","2.5622708797454834","2.5622708797454834","2.5622708797454834"
"423000","2.579176902770996","2.579176902770996","2.579176902770996"
"424000","2.575812578201294","2.575812578201294","2.575812578201294"
"425000","2.5702426433563232","2.5702426433563232","2.5702426433563232"
"426000","2.5698344707489014","2.5698344707489014","2.5698344707489014"
"427000","2.564551830291748","2.564551830291748","2.564551830291748"
"428000","2.5697076320648193","2.5697076320648193","2.5697076320648193"
"429000","2.5639994144439697","2.5639994144439697","2.5639994144439697"
"430000","2.5717763900756836","2.5717763900756836","2.5717763900756836"
"431000","2.5688636302948","2.5688636302948","2.5688636302948"
"432000","2.567006826400757","2.567006826400757","2.567006826400757"
"433000","2.56842303276062","2.56842303276062","2.56842303276062"
"434000","2.5745935440063477","2.5745935440063477","2.5745935440063477"
"435000","2.569939374923706","2.569939374923706","2.569939374923706"
"436000","2.5741937160491943","2.5741937160491943","2.5741937160491943"
"437000","2.5676462650299072","2.5676462650299072","2.5676462650299072"
"438000","2.574179172515869","2.574179172515869","2.574179172515869"
"439000","2.5660853385925293","2.5660853385925293","2.5660853385925293"
"440000","2.5680928230285645","2.5680928230285645","2.5680928230285645"
"441000","2.5699431896209717","2.5699431896209717","2.5699431896209717"
"442000","2.5648508071899414","2.5648508071899414","2.5648508071899414"
"443000","2.572817325592041","2.572817325592041","2.572817325592041"
"444000","2.5687270164489746","2.5687270164489746","2.5687270164489746"
"445000","2.563227891921997","2.563227891921997","2.563227891921997"
"446000","2.565847158432007","2.565847158432007","2.565847158432007"
"449000","2.562107563018799","2.562107563018799","2.562107563018799"
"450000","2.5711781978607178","2.5711781978607178","2.5711781978607178"
"451000","2.5623621940612793","2.5623621940612793","2.5623621940612793"
"452000","2.5614705085754395","2.5614705085754395","2.5614705085754395"
"453000","2.5624170303344727","2.5624170303344727","2.5624170303344727"
"454000","2.5709378719329834","2.5709378719329834","2.5709378719329834"
"455000","2.5732264518737793","2.5732264518737793","2.5732264518737793"
"456000","2.5631332397460938","2.5631332397460938","2.5631332397460938"
"457000","2.5652246475219727","2.5652246475219727","2.5652246475219727"
"458000","2.571082592010498","2.571082592010498","2.571082592010498"
"459000","2.5707192420959473","2.5707192420959473","2.5707192420959473"
"460000","2.5659067630767822","2.5659067630767822","2.5659067630767822"
"461000","2.561253786087036","2.561253786087036","2.561253786087036"
"462000","2.5656163692474365","2.5656163692474365","2.5656163692474365"
"463000","2.5618526935577393","2.5618526935577393","2.5618526935577393"
"464000","2.562795400619507","2.562795400619507","2.562795400619507"
"465000","2.563148021697998","2.563148021697998","2.563148021697998"
"466000","2.5624334812164307","2.5624334812164307","2.5624334812164307"
"467000","2.558004856109619","2.558004856109619","2.558004856109619"
"468000","2.5612640380859375","2.5612640380859375","2.5612640380859375"
"469000","2.563166379928589","2.563166379928589","2.563166379928589"
"470000","2.5615670680999756","2.5615670680999756","2.5615670680999756"
"471000","2.561720609664917","2.561720609664917","2.561720609664917"
"472000","2.5572774410247803","2.5572774410247803","2.5572774410247803"
"473000","2.560774803161621","2.560774803161621","2.560774803161621"
"474000","2.557675361633301","2.557675361633301","2.557675361633301"
"475000","2.554791212081909","2.554791212081909","2.554791212081909"
"476000","2.559666872024536","2.559666872024536","2.559666872024536"
"477000","2.5537469387054443","2.5537469387054443","2.5537469387054443"
"478000","2.560987949371338","2.560987949371338","2.560987949371338"
"479000","2.558032512664795","2.558032512664795","2.558032512664795"
"480000","2.56103777885437","2.56103777885437","2.56103777885437"
"481000","2.5545430183410645","2.5545430183410645","2.5545430183410645"
"482000","2.5546066761016846","2.5546066761016846","2.5546066761016846"
"483000","2.5576045513153076","2.5576045513153076","2.5576045513153076"
"484000","2.5540924072265625","2.5540924072265625","2.5540924072265625"
"485000","2.55405330657959","2.55405330657959","2.55405330657959"
"486000","2.549534320831299","2.549534320831299","2.549534320831299"
"487000","2.5557641983032227","2.5557641983032227","2.5557641983032227"
"488000","2.5559051036834717","2.5559051036834717","2.5559051036834717"
"489000","2.556107521057129","2.556107521057129","2.556107521057129"
"490000","2.554581880569458","2.554581880569458","2.554581880569458"
"491000","2.5558156967163086","2.5558156967163086","2.5558156967163086"
"492000","2.5560123920440674","2.5560123920440674","2.5560123920440674"
"493000","2.5563876628875732","2.5563876628875732","2.5563876628875732"
"494000","2.559588670730591","2.559588670730591","2.559588670730591"
"495000","2.555483102798462","2.555483102798462","2.555483102798462"
"496000","2.556490182876587","2.556490182876587","2.556490182876587"
"497000","2.557025909423828","2.557025909423828","2.557025909423828"
"498000","2.554569959640503","2.554569959640503","2.554569959640503"
"499000","2.5523784160614014","2.5523784160614014","2.5523784160614014"
"500000","2.551750659942627","2.551750659942627","2.551750659942627"
"501000","2.550917625427246","2.550917625427246","2.550917625427246"
"502000","2.5538370609283447","2.5538370609283447","2.5538370609283447"
"503000","2.549919605255127","2.549919605255127","2.549919605255127"
"504000","2.553926706314087","2.553926706314087","2.553926706314087"
"505000","2.5469248294830322","2.5469248294830322","2.5469248294830322"
"506000","2.556014060974121","2.556014060974121","2.556014060974121"
"507000","2.5549731254577637","2.5549731254577637","2.5549731254577637"
"508000","2.552011728286743","2.552011728286743","2.552011728286743"
"509000","2.555987596511841","2.555987596511841","2.555987596511841"
"510000","2.555619478225708","2.555619478225708","2.555619478225708"
"511000","2.5517022609710693","2.5517022609710693","2.5517022609710693"
"512000","2.5479736328125","2.5479736328125","2.5479736328125"
"513000","2.5527708530426025","2.5527708530426025","2.5527708530426025"
"514000","2.5570716857910156","2.5570716857910156","2.5570716857910156"
"515000","2.5513391494750977","2.5513391494750977","2.5513391494750977"
"516000","2.5488133430480957","2.5488133430480957","2.5488133430480957"
"517000","2.55246639251709","2.55246639251709","2.55246639251709"
"518000","2.55440616607666","2.55440616607666","2.55440616607666"
"519000","2.5478193759918213","2.5478193759918213","2.5478193759918213"
"520000","2.551564931869507","2.551564931869507","2.551564931869507"
"521000","2.550603151321411","2.550603151321411","2.550603151321411"
"522000","2.5566093921661377","2.5566093921661377","2.5566093921661377"
"523000","2.5528690814971924","2.5528690814971924","2.5528690814971924"
"524000","2.5496861934661865","2.5496861934661865","2.5496861934661865"
"525000","2.5480570793151855","2.5480570793151855","2.5480570793151855"
"526000","2.5529582500457764","2.5529582500457764","2.5529582500457764"
"527000","2.546738624572754","2.546738624572754","2.546738624572754"
"528000","2.5512161254882812","2.5512161254882812","2.5512161254882812"
"529000","2.546689033508301","2.546689033508301","2.546689033508301"
"530000","2.545607089996338","2.545607089996338","2.545607089996338"
"531000","2.5486814975738525","2.5486814975738525","2.5486814975738525"
"532000","2.5496954917907715","2.5496954917907715","2.5496954917907715"
"533000","2.5523390769958496","2.5523390769958496","2.5523390769958496"
"534000","2.5514769554138184","2.5514769554138184","2.5514769554138184"
"535000","2.549746513366699","2.549746513366699","2.549746513366699"
"536000","2.5425026416778564","2.5425026416778564","2.5425026416778564"
"537000","2.5517048835754395","2.5517048835754395","2.5517048835754395"
"538000","2.5479848384857178","2.5479848384857178","2.5479848384857178"
"539000","2.5478768348693848","2.5478768348693848","2.5478768348693848"
"540000","2.5444915294647217","2.5444915294647217","2.5444915294647217"
"541000","2.5498862266540527","2.5498862266540527","2.5498862266540527"
"542000","2.5487778186798096","2.5487778186798096","2.5487778186798096"
"543000","2.5475285053253174","2.5475285053253174","2.5475285053253174"
"544000","2.544884204864502","2.544884204864502","2.544884204864502"
"545000","2.548060178756714","2.548060178756714","2.548060178756714"
"546000","2.5464792251586914","2.5464792251586914","2.5464792251586914"
"547000","2.5442285537719727","2.5442285537719727","2.5442285537719727"
"548000","2.5446462631225586","2.5446462631225586","2.5446462631225586"
"549000","2.5480539798736572","2.5480539798736572","2.5480539798736572"
"550000","2.547502040863037","2.547502040863037","2.547502040863037"
"551000","2.544138193130493","2.544138193130493","2.544138193130493"
"552000","2.5487172603607178","2.5487172603607178","2.5487172603607178"
"553000","2.545943260192871","2.545943260192871","2.545943260192871"
"554000","2.542585849761963","2.542585849761963","2.542585849761963"
"555000","2.5476369857788086","2.5476369857788086","2.5476369857788086"
"556000","2.544980525970459","2.544980525970459","2.544980525970459"
"557000","2.544327735900879","2.544327735900879","2.544327735900879"
"558000","2.540989637374878","2.540989637374878","2.540989637374878"
"559000","2.547267436981201","2.547267436981201","2.547267436981201"
"560000","2.5450429916381836","2.5450429916381836","2.5450429916381836"
"561000","2.5385119915008545","2.5385119915008545","2.5385119915008545"
"562000","2.5428049564361572","2.5428049564361572","2.5428049564361572"
"563000","2.541146993637085","2.541146993637085","2.541146993637085"
"564000","2.539850950241089","2.539850950241089","2.539850950241089"
"565000","2.5418829917907715","2.5418829917907715","2.5418829917907715"
"566000","2.539707899093628","2.539707899093628","2.539707899093628"
"567000","2.536200523376465","2.536200523376465","2.536200523376465"
"568000","2.5383265018463135","2.5383265018463135","2.5383265018463135"
"569000","2.5420303344726562","2.5420303344726562","2.5420303344726562"
"570000","2.5368754863739014","2.5368754863739014","2.5368754863739014"
"571000","2.5418996810913086","2.5418996810913086","2.5418996810913086"
"572000","2.5448334217071533","2.5448334217071533","2.5448334217071533"
"573000","2.5339136123657227","2.5339136123657227","2.5339136123657227"
"574000","2.5376744270324707","2.5376744270324707","2.5376744270324707"
"575000","2.536005735397339","2.536005735397339","2.536005735397339"
"576000","2.5414278507232666","2.5414278507232666","2.5414278507232666"
"577000","2.5342600345611572","2.5342600345611572","2.5342600345611572"
"578000","2.5380256175994873","2.5380256175994873","2.5380256175994873"
"579000","2.537388801574707","2.537388801574707","2.537388801574707"
"580000","2.532494068145752","2.532494068145752","2.532494068145752"
"581000","2.5373377799987793","2.5373377799987793","2.5373377799987793"
"582000","2.5383260250091553","2.5383260250091553","2.5383260250091553"
"583000","2.535217046737671","2.535217046737671","2.535217046737671"
"584000","2.537123680114746","2.537123680114746","2.537123680114746"
"585000","2.5390172004699707","2.5390172004699707","2.5390172004699707"
"586000","2.5375123023986816","2.5375123023986816","2.5375123023986816"
"587000","2.5399436950683594","2.5399436950683594","2.5399436950683594"
"588000","2.531252145767212","2.531252145767212","2.531252145767212"
"589000","2.5370402336120605","2.5370402336120605","2.5370402336120605"
"590000","2.5342581272125244","2.5342581272125244","2.5342581272125244"
"591000","2.535792112350464","2.535792112350464","2.535792112350464"
"592000","2.5338761806488037","2.5338761806488037","2.5338761806488037"
"593000","2.5338478088378906","2.5338478088378906","2.5338478088378906"
"594000","2.5318961143493652","2.5318961143493652","2.5318961143493652"
"595000","2.5354533195495605","2.5354533195495605","2.5354533195495605"
"596000","2.5356862545013428","2.5356862545013428","2.5356862545013428"
"597000","2.5344223976135254","2.5344223976135254","2.5344223976135254"
"598000","2.53296160697937","2.53296160697937","2.53296160697937"
"599000","2.5375025272369385","2.5375025272369385","2.5375025272369385"
"600000","2.5333638191223145","2.5333638191223145","2.5333638191223145"
"601000","2.5328054428100586","2.5328054428100586","2.5328054428100586"
"602000","2.5321106910705566","2.5321106910705566","2.5321106910705566"
"603000","2.531364917755127","2.531364917755127","2.531364917755127"
"604000","2.532060146331787","2.532060146331787","2.532060146331787"
"605000","2.532243013381958","2.532243013381958","2.532243013381958"
"606000","2.532984495162964","2.532984495162964","2.532984495162964"
"607000","2.5344955921173096","2.5344955921173096","2.5344955921173096"
"608000","2.5360357761383057","2.5360357761383057","2.5360357761383057"
"609000","2.534637212753296","2.534637212753296","2.534637212753296"
"610000","2.5353291034698486","2.5353291034698486","2.5353291034698486"
"611000","2.532487630844116","2.532487630844116","2.532487630844116"
"612000","2.5291666984558105","2.5291666984558105","2.5291666984558105"
"613000","2.5291101932525635","2.5291101932525635","2.5291101932525635"
"614000","2.5308990478515625","2.5308990478515625","2.5308990478515625"
"615000","2.53271746635437","2.53271746635437","2.53271746635437"
"616000","2.5297303199768066","2.5297303199768066","2.5297303199768066"
"617000","2.5278069972991943","2.5278069972991943","2.5278069972991943"
"618000","2.53127384185791","2.53127384185791","2.53127384185791"
"619000","2.5245656967163086","2.5245656967163086","2.5245656967163086"
"620000","2.528447151184082","2.528447151184082","2.528447151184082"
"621000","2.5322444438934326","2.5322444438934326","2.5322444438934326"
"622000","2.5313684940338135","2.5313684940338135","2.5313684940338135"
"623000","2.5288400650024414","2.5288400650024414","2.5288400650024414"
"624000","2.5325961112976074","2.5325961112976074","2.5325961112976074"
"625000","2.52822208404541","2.52822208404541","2.52822208404541"
"626000","2.5305674076080322","2.5305674076080322","2.5305674076080322"
"627000","2.5308892726898193","2.5308892726898193","2.5308892726898193"
"628000","2.529766798019409","2.529766798019409","2.529766798019409"
"629000","2.531057834625244","2.531057834625244","2.531057834625244"
"630000","2.524798631668091","2.524798631668091","2.524798631668091"
"631000","2.526845693588257","2.526845693588257","2.526845693588257"
"632000","2.529073476791382","2.529073476791382","2.529073476791382"
"633000","2.5289270877838135","2.5289270877838135","2.5289270877838135"
"634000","2.5298094749450684","2.5298094749450684","2.5298094749450684"
"635000","2.526139259338379","2.526139259338379","2.526139259338379"
"636000","2.527148723602295","2.527148723602295","2.527148723602295"
"637000","2.523686170578003","2.523686170578003","2.523686170578003"
"638000","2.527435779571533","2.527435779571533","2.527435779571533"
"639000","2.527670383453369","2.527670383453369","2.527670383453369"
"640000","2.526230812072754","2.526230812072754","2.526230812072754"
"641000","2.5253427028656006","2.5253427028656006","2.5253427028656006"
"642000","2.530120372772217","2.530120372772217","2.530120372772217"
"643000","2.52762508392334","2.52762508392334","2.52762508392334"
"644000","2.5242207050323486","2.5242207050323486","2.5242207050323486"
"645000","2.529165029525757","2.529165029525757","2.529165029525757"
"646000","2.5246641635894775","2.5246641635894775","2.5246641635894775"
"647000","2.523796319961548","2.523796319961548","2.523796319961548"
"648000","2.5236611366271973","2.5236611366271973","2.5236611366271973"
"649000","2.525883436203003","2.525883436203003","2.525883436203003"
"650000","2.52433443069458","2.52433443069458","2.52433443069458"
"651000","2.5227863788604736","2.5227863788604736","2.5227863788604736"
"652000","2.525487184524536","2.525487184524536","2.525487184524536"
"653000","2.5203964710235596","2.5203964710235596","2.5203964710235596"
"654000","2.5255751609802246","2.5255751609802246","2.5255751609802246"
"655000","2.5273633003234863","2.5273633003234863","2.5273633003234863"
"656000","2.523646593093872","2.523646593093872","2.523646593093872"
"657000","2.5232224464416504","2.5232224464416504","2.5232224464416504"
"658000","2.523329734802246","2.523329734802246","2.523329734802246"
"659000","2.5243256092071533","2.5243256092071533","2.5243256092071533"
"660000","2.5215795040130615","2.5215795040130615","2.5215795040130615"
"661000","2.524906873703003","2.524906873703003","2.524906873703003"
"662000","2.5225393772125244","2.5225393772125244","2.5225393772125244"
"663000","2.5252671241760254","2.5252671241760254","2.5252671241760254"
"664000","2.5249857902526855","2.5249857902526855","2.5249857902526855"
"665000","2.521679639816284","2.521679639816284","2.521679639816284"
"666000","2.5216104984283447","2.5216104984283447","2.5216104984283447"
"667000","2.5206687450408936","2.5206687450408936","2.5206687450408936"
"668000","2.524545907974243","2.524545907974243","2.524545907974243"
"669000","2.52524471282959","2.52524471282959","2.52524471282959"
"670000","2.5240721702575684","2.5240721702575684","2.5240721702575684"
"671000","2.5271763801574707","2.5271763801574707","2.5271763801574707"
"672000","2.526973009109497","2.526973009109497","2.526973009109497"
"673000","2.5238261222839355","2.5238261222839355","2.5238261222839355"
"674000","2.521022081375122","2.521022081375122","2.521022081375122"
"675000","2.5210793018341064","2.5210793018341064","2.5210793018341064"
"676000","2.5199167728424072","2.5199167728424072","2.5199167728424072"
"677000","2.521066904067993","2.521066904067993","2.521066904067993"
"678000","2.5222811698913574","2.5222811698913574","2.5222811698913574"
"679000","2.521433115005493","2.521433115005493","2.521433115005493"
"680000","2.5256593227386475","2.5256593227386475","2.5256593227386475"
"681000","2.5207159519195557","2.5207159519195557","2.5207159519195557"
"682000","2.52181077003479","2.52181077003479","2.52181077003479"
"683000","2.5180227756500244","2.5180227756500244","2.5180227756500244"
"684000","2.520852565765381","2.520852565765381","2.520852565765381"
"685000","2.521470069885254","2.521470069885254","2.521470069885254"
"686000","2.523496389389038","2.523496389389038","2.523496389389038"
"687000","2.5242466926574707","2.5242466926574707","2.5242466926574707"
"688000","2.519195795059204","2.519195795059204","2.519195795059204"
"689000","2.5211520195007324","2.5211520195007324","2.5211520195007324"
"690000","2.515573740005493","2.515573740005493","2.515573740005493"
"691000","2.517381429672241","2.517381429672241","2.517381429672241"
"692000","2.5170140266418457","2.5170140266418457","2.5170140266418457"
"693000","2.5165648460388184","2.5165648460388184","2.5165648460388184"
"694000","2.5198912620544434","2.5198912620544434","2.5198912620544434"
"695000","2.519512891769409","2.519512891769409","2.519512891769409"
"696000","2.5181517601013184","2.5181517601013184","2.5181517601013184"
"697000","2.5209174156188965","2.5209174156188965","2.5209174156188965"
"698000","2.518324375152588","2.518324375152588","2.518324375152588"
"699000","2.5168426036834717","2.5168426036834717","2.5168426036834717"
"700000","2.5167129039764404","2.5167129039764404","2.5167129039764404"
"701000","2.5233001708984375","2.5233001708984375","2.5233001708984375"
"702000","2.5195236206054688","2.5195236206054688","2.5195236206054688"
"703000","2.5173048973083496","2.5173048973083496","2.5173048973083496"
"704000","2.525019884109497","2.525019884109497","2.525019884109497"
"705000","2.517153739929199","2.517153739929199","2.517153739929199"
"706000","2.5196213722229004","2.5196213722229004","2.5196213722229004"
"707000","2.51857590675354","2.51857590675354","2.51857590675354"
"708000","2.518824577331543","2.518824577331543","2.518824577331543"
"709000","2.51682186126709","2.51682186126709","2.51682186126709"
"710000","2.51580548286438","2.51580548286438","2.51580548286438"
"711000","2.521223545074463","2.521223545074463","2.521223545074463"
"712000","2.52331805229187","2.52331805229187","2.52331805229187"
"713000","2.5164148807525635","2.5164148807525635","2.5164148807525635"
"714000","2.520235776901245","2.520235776901245","2.520235776901245"
"715000","2.5155444145202637","2.5155444145202637","2.5155444145202637"
"716000","2.5227739810943604","2.5227739810943604","2.5227739810943604"
"717000","2.515779733657837","2.515779733657837","2.515779733657837"
"718000","2.5197627544403076","2.5197627544403076","2.5197627544403076"
"719000","2.522501230239868","2.522501230239868","2.522501230239868"
"720000","2.520905017852783","2.520905017852783","2.520905017852783"
"721000","2.518742322921753","2.518742322921753","2.518742322921753"
"722000","2.5207417011260986","2.5207417011260986","2.5207417011260986"
"723000","2.5204429626464844","2.5204429626464844","2.5204429626464844"
"724000","2.5191802978515625","2.5191802978515625","2.5191802978515625"
"725000","2.5165185928344727","2.5165185928344727","2.5165185928344727"
"726000","2.5192759037017822","2.5192759037017822","2.5192759037017822"
"727000","2.517042636871338","2.517042636871338","2.517042636871338"
"728000","2.5187010765075684","2.5187010765075684","2.5187010765075684"
"729000","2.5174269676208496","2.5174269676208496","2.5174269676208496"
"730000","2.520369529724121","2.520369529724121","2.520369529724121"
"731000","2.523425340652466","2.523425340652466","2.523425340652466"
"732000","2.5197954177856445","2.5197954177856445","2.5197954177856445"
"733000","2.5198028087615967","2.5198028087615967","2.5198028087615967"
"734000","2.520934581756592","2.520934581756592","2.520934581756592"
"735000","2.518819570541382","2.518819570541382","2.518819570541382"
"736000","2.5190541744232178","2.5190541744232178","2.5190541744232178"
"737000","2.5213236808776855","2.5213236808776855","2.5213236808776855"
"738000","2.5221948623657227","2.5221948623657227","2.5221948623657227"